{
  "by_class": {
    "C1": {
      "fisher_exact": {
        "odds_ratio": 0.13725490196078433,
        "p_value": 6.823348840602082e-08
      },
      "mutation_name": "C1_unit_scale_drift",
      "o0_hidden_violation_rate": 0.5,
      "o0_n": 80,
      "o0_success_rate": 0.4375,
      "total_n": 160,
      "uplift_ci": [
        0.275,
        0.5375000000000001
      ],
      "uplift_visible_minus_o0": 0.4125,
      "visible_hidden_violation_rate": 0.0,
      "visible_n": 80,
      "visible_policy_error_rate": 0.525,
      "visible_success_rate": 0.85
    },
    "C2": {
      "fisher_exact": {
        "odds_ratio": 0.226890756302521,
        "p_value": 0.00010805532912424981
      },
      "mutation_name": "C2_currency_locale_drift",
      "o0_hidden_violation_rate": 0.4,
      "o0_n": 80,
      "o0_success_rate": 0.5625,
      "total_n": 160,
      "uplift_ci": [
        0.15000000000000002,
        0.4125000000000001
      ],
      "uplift_visible_minus_o0": 0.2875,
      "visible_hidden_violation_rate": 0.0,
      "visible_n": 80,
      "visible_policy_error_rate": 0.4125,
      "visible_success_rate": 0.85
    },
    "C3": {
      "fisher_exact": {
        "odds_ratio": 0.1232876712328767,
        "p_value": 5.805012584258908e-07
      },
      "mutation_name": "C3_default_behavior_drift",
      "o0_hidden_violation_rate": 0.3625,
      "o0_n": 80,
      "o0_success_rate": 0.5625,
      "total_n": 160,
      "uplift_ci": [
        0.22499999999999998,
        0.4625
      ],
      "uplift_visible_minus_o0": 0.35,
      "visible_hidden_violation_rate": 0.0,
      "visible_n": 80,
      "visible_policy_error_rate": 0.4125,
      "visible_success_rate": 0.9125
    }
  },
  "by_domain": {
    "airline": {
      "C1": {
        "n": 112,
        "o0_success_rate": 0.48214285714285715,
        "visible_success_rate": 0.8392857142857143
      },
      "C2": {
        "n": 112,
        "o0_success_rate": 0.5357142857142857,
        "visible_success_rate": 0.8571428571428571
      },
      "C3": {
        "n": 112,
        "o0_success_rate": 0.6071428571428571,
        "visible_success_rate": 0.8928571428571429
      }
    },
    "retail": {
      "C1": {
        "n": 48,
        "o0_success_rate": 0.3333333333333333,
        "visible_success_rate": 0.875
      },
      "C2": {
        "n": 48,
        "o0_success_rate": 0.625,
        "visible_success_rate": 0.8333333333333334
      },
      "C3": {
        "n": 48,
        "o0_success_rate": 0.4583333333333333,
        "visible_success_rate": 0.9583333333333334
      }
    }
  },
  "by_model": {
    "dashscope/glm-5.1": {
      "C1": {
        "n": 40,
        "o0_success_rate": 0.45,
        "visible_success_rate": 0.9
      },
      "C2": {
        "n": 40,
        "o0_success_rate": 0.65,
        "visible_success_rate": 0.9
      },
      "C3": {
        "n": 40,
        "o0_success_rate": 0.55,
        "visible_success_rate": 1.0
      }
    },
    "dashscope/kimi-k2.6": {
      "C1": {
        "n": 40,
        "o0_success_rate": 0.5,
        "visible_success_rate": 0.8
      },
      "C2": {
        "n": 40,
        "o0_success_rate": 0.85,
        "visible_success_rate": 1.0
      },
      "C3": {
        "n": 40,
        "o0_success_rate": 0.55,
        "visible_success_rate": 0.95
      }
    },
    "dashscope/qwen-max": {
      "C1": {
        "n": 40,
        "o0_success_rate": 0.3,
        "visible_success_rate": 0.7
      },
      "C2": {
        "n": 40,
        "o0_success_rate": 0.2,
        "visible_success_rate": 0.65
      },
      "C3": {
        "n": 40,
        "o0_success_rate": 0.45,
        "visible_success_rate": 0.8
      }
    },
    "deepseek/deepseek-v4-flash": {
      "C1": {
        "n": 40,
        "o0_success_rate": 0.5,
        "visible_success_rate": 1.0
      },
      "C2": {
        "n": 40,
        "o0_success_rate": 0.55,
        "visible_success_rate": 0.85
      },
      "C3": {
        "n": 40,
        "o0_success_rate": 0.7,
        "visible_success_rate": 0.9
      }
    }
  },
  "integrity": {
    "baseline_failed_rows": 0,
    "completed_rows_latest": 480,
    "failed": 0,
    "formal_rows_after_filters": 480,
    "no_gpt_wyz_grok": true,
    "ok": 480,
    "provider_error": 0,
    "schema_changed_rows": 0,
    "timeout": 0
  },
  "main_answer": {
    "c1_c3_produce_schema_compatible_agent_facing_regressions": true,
    "direction_consistent_enough_for_c_class_generalization": true,
    "visible_feedback_helps_beyond_c4": true
  }
}
